gene,avana,ky
A1CF (29974),0.08299689297108478,-0.06680088661074793
A2M (2),-0.073663453310681,0.05928877354092367
A2ML1 (144568),-0.0017709232274829454,0.0014253454253599848
A3GALT2 (127550),0.18317704892058329,-0.14743189578070515
A4GALT (53947),0.09241847933273052,-0.07438394544232288
A4GNT (51146),0.04113287566004081,-0.033106209938457004
AAAS (8086),-0.1677504289863718,0.13501562509727866
AACS (65985),0.056171415886093104,-0.045210130753681715
AADAC (13),-0.034512250252952875,0.027777532788275036
AADACL2 (344752),0.07703513143954333,-0.06200250269765896
AAMP (14),0.6278235968492973,-0.5053101556379103
ABCE1 (6059),1.3855233982825834,-1.115152484773832
ABCG8 (64241),0.020435533975464357,-0.016447745681283172
ABL1 (25),-0.09282670440456015,0.07471250950970856
ACTL6A (86),0.41569393195175874,-0.33457545480358786
ACTL7A (10881),-0.12455592372435584,0.10025009177519953
ACTL8 (81569),-0.08844850483554945,0.07118867141771396
ACTL9 (284382),-0.033655265460196704,0.02708777993224963
ACTR8 (93973),-0.11144189176032339,0.08969513084980375
ADAM18 (8749),-0.3226302144747217,0.2596721829314218
ADAM20 (8748),-0.11746851238159942,0.09454571725558777
ADGRG7 (84873),-0.001439586556649885,0.0011586657631946424
ADH1B (125),-0.02815160329805099,0.022658101918092588
AFM (173),-0.10632409994593672,0.08557602447784157
AHCY (191),-0.1533386173893744,0.1234161331418161
AIPL1 (23746),0.008121221243013683,-0.006536446847285682
AKT1 (207),0.0871439000443687,-0.07013864709020251
ALG1 (56052),0.22322548583948015,-0.17966528425813832
ALG2 (85365),0.1228966564212626,-0.09891461374701034
ALK (238),-0.11338801589349504,0.09126148849159801
ALPI (248),-0.02133521517873614,0.01717186317404905
ANAPC10 (10393),1.3179462003169262,-1.0607622952477174
ANAPC5 (51433),0.45508807969778153,-0.36628223203952526
ANG (283),-0.03667208760138378,0.029515899667387685
ANKRD26 (22852),-0.0095460837948387,0.0076832618466558915
ANKRD30A (91074),-0.15187821147425326,0.12224071070792258
APOA4 (337),0.04144407713315271,-0.033356683583605246
APOBR (55911),-0.028690649359731334,0.023091958578929567
APOF (319),-0.06568730388003469,0.05286908920535929
AQR (9716),0.8606716466839488,-0.6927202576035023
ARGFX (503582),-0.2933214551307844,0.23608273229598487
ARHGAP29 (9411),0.06826294954441588,-0.05494212360239069
ARHGAP35 (2909),0.007214308194159325,-0.005806508730645171
ARHGEF6 (9459),-0.000390292697254244,0.0003141310148003599
ARMC7 (79637),0.14935775269327925,-0.12021209403074687
ARPC4 (10093),-0.028546537172615166,0.02297596843127274
ASB17 (127247),0.06161386801485361,-0.0495905432549595
ASZ1 (136991),-0.059410421754316475,0.04781707730299552
ATL2 (64225),-0.16425851975318717,0.13220512672329426
ATP4B (496),-0.07891721492028603,0.06351731657428028
ATP6AP2 (10159),-0.08216640566020095,0.06613246052032376
ATP6V1A (523),0.5772448671552006,-0.46460135478691783
ATP8B2 (57198),0.1085617617017492,-0.08737702911635634
ATR (545),0.44427135645136884,-0.3575762832115952
AXL (558),-0.089674238718145,0.07217521569877211
B3GNT6 (192134),0.08155462638328914,-0.0656400637974485
BARD1 (580),-0.024450511911646645,0.019679241177783347
BARHL1 (56751),0.00023688544982499593,-0.00019065964407858656
BCAS2 (10286),0.7315020311331846,-0.5887567894172097
BCL2 (596),-0.0937901238476799,0.07548792736783075
BCL6 (604),-0.037023771046939186,0.029798955636454006
BDP1 (55814),0.0946519702091843,-0.07618159310650843
BMP10 (27302),-0.05180878771419571,0.041698825457743685
BMS1 (9790),0.17718320787427863,-0.14260769234652915
BPIFA3 (128861),0.0491905177566844,-0.03959148446837707
BPIFB6 (128859),-0.05451990398261658,0.04388089473711336
BPTF (2186),0.13936053517773755,-0.11216573265778142
BRAF (673),-0.08558577741879286,0.06888457637609766
BRD8 (10902),0.052716685188987214,-0.04242955589953096
BRDT (676),-0.07089594560361763,0.057061317043265156
BTK (695),-0.014546125343604454,0.011707595729425382
BUB1B (701),0.03851717278928454,-0.031000935094762896
BYSL (705),0.2765817310588492,-0.22260959650023723
C10orf53 (282966),-0.19479696267627866,0.15678430059291062
C11orf71 (54494),-0.12071249598097733,0.09715667018203847
C12orf40 (283461),0.01226011175634385,-0.009867674631578668
C16orf89 (146556),0.037596694497340745,-0.030260078855370715
C17orf78 (284099),0.01586259752166118,-0.012767171642986503
C20orf173 (140873),-0.051874960368084554,0.041752085185800016
C8A (731),-0.06262060896253023,0.05040082886306742
CABP5 (56344),0.05314191418578265,-0.042771805747467195
CACFD1 (11094),0.007761977190995721,-0.006247305647833816
CACNG2 (10369),-0.06261551762293402,0.050396731047030116
CACNG5 (27091),0.09305668507946105,-0.07489761177603162
CAD (790),0.04037749093945825,-0.03249823092549918
CAPN9 (10753),-0.12598721484985748,0.10140208087694716
CBFA2T3 (863),-0.07144353532436568,0.05750205015429433
CBLIF (2694),-0.06695763987352382,0.05389153194533251
CCDC83 (220047),-0.11090274258803967,0.08926119119935742
CCL1 (6346),-0.00504774864650339,0.004062731421670256
CCNA2 (890),0.3474687037850389,-0.2796636916325829
CCND1 (595),-0.11291177899051902,0.09087818441578593
CCND2 (894),-0.07513430851979461,0.06047260619450333
CCT2 (10576),0.4355041958479011,-0.3505199455535759
CCT6A (908),1.0871082879971008,-0.8749700727399348
CD1D (912),-0.10351090073436794,0.08331179271182929
CD200R1L (344807),0.00030445159682460847,-0.0002450409391231937
CDC20 (991),0.685621903229978,-0.5518297056188262
CDC45 (8318),0.25883532672249826,-0.2083262239379165
CDC73 (79577),0.486164691542074,-0.3912945565946149
CDK1 (983),1.0145955210177977,-0.8166074407013647
CDK4 (1019),0.0820184194349051,-0.0660133523139553
CDX2 (1045),-0.013197264770963672,0.01062195168973733
CEBPA (1050),-0.028858473445829952,0.023227033487696717
CEBPZ (10153),0.17885112297918263,-0.1439501306452479
CELA2A (63036),0.03255245529099765,-0.026200172042017994
CELA3B (23436),-0.023077125793592047,0.018573857505446326
CENPJ (55835),-0.02635935039766334,0.021215589090313722
CENPW (387103),0.07967881089409434,-0.06413029477705826
CEP57 (9702),-0.010477828395322214,0.008433185888134891
CETN1 (1068),0.0485912958909982,-0.039109194704610495
CFAP53 (220136),-0.01620094070238972,0.013039490565325454
CFHR5 (81494),-0.10560298423099601,0.08499562721979281
CHAF1A (10036),0.2187354151090766,-0.17605140553329954
CHMP2A (27243),1.054094137553703,-0.8483983006967581
CHORDC1 (26973),-0.3765316291184926,0.30305528028461887
CHRNA6 (8973),-0.058808514723652665,0.047332626357107783
CLASRP (11129),0.06816373504662694,-0.054862269812933184
CLCA1 (1179),0.0706657925509041,-0.05687607603692061
CLEC2A (387836),-0.125958771001727,0.10137918755882741
CLEC6A (93978),-0.14325077669163072,0.11529683278641563
CMPK1 (51727),0.2697013585894613,-0.21707185930653994
CMTR1 (23070),-0.1636199486826917,0.13169116635506778
CNBD1 (168975),-0.02179698852370246,0.017543526109283357
CNPY1 (285888),-0.041036049200002866,0.03302827818527477
COA5 (493753),0.09644369464515762,-0.07762368059437208
COG4 (25839),-0.1865050880710864,0.15011050166546203
COL20A1 (57642),0.12387263573477005,-0.0997001405435226
COPB2 (9276),0.8134902023107708,-0.6547457961161065
COPS3 (8533),-0.4202179166841524,0.3382166295550654
COQ4 (51117),-0.0007647789640390319,0.0006155400645763343
COX5B (1329),0.009882105569374052,-0.007953712361801061
CPSF6 (11052),0.13185026657138418,-0.10612101720362516
CRNN (49860),0.060301987539690474,-0.04853466301979506
CRYBB2 (1415),0.12917232586386623,-0.10396564960913535
CRYGB (1419),-0.12118996335495674,0.09754096461485107
CSE1L (1434),1.2205497508603973,-0.9823717803316749
CSF2RB (1439),0.018267057246847962,-0.014702425309871007
CSHL1 (1444),-0.1590265059856707,0.12799408766004278
CSN3 (1448),0.08764889584336483,-0.07054509805360659
CST4 (1472),0.28175229051469286,-0.22677117344076536
CST8 (10047),-0.10987571647898026,0.08843457887446646
CST9L (128821),-0.13726601164015292,0.11047993425823799
CSTF3 (1479),0.3683905591628087,-0.29650285800069953
CTCFL (140690),-0.035857284884730486,0.028860097480861872
CTNNB1 (1499),0.12823831779422412,-0.10321390379166936
CTNNBL1 (56259),-0.029837337562672456,0.024014882147276137
CTU2 (348180),-0.009045324290404248,0.0072802205076670425
CWF19L2 (143884),-0.1609699129875804,0.12955825839132945
CYLC2 (1539),-0.023875644437630322,0.01921655329184827
CYP11B2 (1585),-0.07836574900642279,0.0630734636701179
CYP2A13 (1553),-0.18861205470562437,0.1518063150171189
CYP4A22 (284541),-0.07255105565915416,0.05839344906881849
DARS2 (55157),-0.1464580295268845,0.11787822258680763
DAZL (1618),0.12426111822482969,-0.10001281459480033
DCAF8L2 (347442),-0.08536950623477327,0.06871050833181679
DCANP1 (140947),-0.11006109170047579,0.08858377999162007
DCTN2 (10540),0.21287668997926593,-0.17133595150761244
DDB1 (1642),0.3630427064643911,-0.2921985848052868
DDR2 (4921),0.06933436592084505,-0.055804463881799445
DDX21 (9188),0.5593937129917983,-0.4502336732695402
DDX39B (7919),0.5176816142203182,-0.4166612697664271
DDX4 (54514),0.07286741537682478,-0.05864807437913806
DDX49 (54555),-0.028654787340941793,0.023063094671317664
DDX56 (54606),0.6237871360327504,-0.5020613694284214
DEFA6 (1671),-0.03310529344746352,0.02664512940948279
DEFB118 (117285),-0.07635055995604698,0.061451518432959755
DEFB126 (81623),0.040810083781323434,-0.03284640763842896
DEFB129 (140881),0.19180880948724593,-0.15437925535313685
DGCR8 (54487),0.336665525971114,-0.27096864498264184
DHX33 (56919),0.08578390929948926,-0.06904404481910292
DHX8 (1659),0.3359678986140127,-0.27040715256635933
DIS3 (22894),0.04418983053290158,-0.03556663090755628
DMAP1 (55929),0.4003597018797725,-0.3222335450328361
DMP1 (1758),0.03835800187667468,-0.030872824779974547
DMRTB1 (63948),0.1692126749734295,-0.1361925285316336
DNAJB1 (3337),-0.100815141775723,0.08114208391816292
DNAJC2 (27000),-0.04283210618472846,0.03447385276871003
DNMT1 (1786),0.47050724885877426,-0.37869250589296055
DPRX (503834),-0.06651212784911509,0.05353295709799911
DR1 (1810),0.2751033219947134,-0.22141968405023693
DRGX (644168),0.023816447987322423,-0.01916890843162254
DSG4 (147409),0.015012491158282399,-0.012082954960237603
DTX2 (113878),-0.2585789290701654,0.2081198597008032
DYNC1H1 (1778),0.23101749403454142,-0.18593676066255804
EBF1 (1879),-0.07865671914283343,0.06330765391982102
ECD (11319),0.9677287633751636,-0.7788862580037216
EEFSEC (60678),-0.07703983922949142,0.062006291809892596
EFCAB3 (146779),0.014936537020511717,-0.012021822506199785
EFEMP1 (2202),-0.056191068233436545,0.04522594814370115
EGFR (1956),0.10149235386073391,-0.0816871448967468
EIF1AD (84285),0.017184538165488157,-0.013831148906390693
EIF2B4 (8890),1.0958426141238027,-0.8819999832380829
EIF3A (8661),0.5944630242305795,-0.47845956221209385
EIF3J (8669),0.30810395918912287,-0.2479805798186387
EIF4E (1977),0.619350083849322,-0.49849016321598605
EIF6 (3692),0.32288853052536093,-0.2598800912107655
ELOA2 (51224),-0.05267231875176513,0.04239384712494794
ELP4 (26610),0.435723019733398,-0.3506960681653933
ENO1 (2023),-0.24720975107329446,0.1989692620936015
ERBB2 (2064),0.06509349380646433,-0.05239115517707328
ERBB3 (2065),0.10181299112869299,-0.08194521303656956
ERBB4 (2066),0.03563566404406036,-0.028681723711456532
ERCC4 (2072),-0.1349175337011565,0.10858973809673349
ESR1 (2099),0.042319631536847736,-0.0340613823783318
ESRP2 (80004),0.02332387331245256,-0.018772454735280303
EVX1 (2128),0.0069701864789645795,-0.005610024905381655
EXOC1 (55763),-0.019341153902520385,0.015566922839068324
EXOSC1 (51013),0.11904876264397171,-0.09581759762139994
EXOSC5 (56915),0.18894196952154607,-0.15207185028501466
FABP2 (2169),-0.005519718903394123,0.004442601444337096
FAM210A (125228),-0.006251056842216687,0.00503122616240268
FARSB (10056),0.11249085827524129,-0.09053940213169274
FBRSL1 (57666),0.02929330694856299,-0.023577013619130602
FBXL13 (222235),-0.1922455823370191,0.15473079638760082
FCRL4 (83417),0.001801478613052578,-0.0014499382356895933
FEN1 (2237),-0.14036061018152,0.11297065311369764
FERMT1 (55612),0.08427426453088527,-0.06782899199724421
FEZF2 (55079),-0.008830826048435348,0.007107579433681765
FGF3 (2248),0.00489646192278873,-0.003940966775852785
FGF6 (2251),-0.09631194779897277,0.07751764281610991
FGFR1 (2260),-0.09153711611251243,0.07367457136301628
FGFR2 (2263),-0.12543630426146113,0.10095867493208913
FGFR3 (2261),0.009991266457933513,-0.008041571604213057
FLG2 (388698),-0.1136740540680443,0.09149170920204157
FLI1 (2313),-0.046388349907400976,0.037336131405588564
FLT3 (2322),-0.06114618817200709,0.049214126415319415
FNDC9 (408263),0.11681253176469344,-0.09401774463829893
FNTB (2342),-0.12146844849310393,0.09776510618774861
FOXA1 (3169),0.11622707433597476,-0.09354653332048632
FOXB2 (442425),0.01784131299022889,-0.014359760749867584
FOXE3 (2301),0.09264757556410406,-0.07456833585535033
FOXL2 (668),-0.22509127445936702,0.18116698305161133
FOXR1 (283150),-0.011931158075687048,0.009602912943097161
FOXR2 (139628),-0.08359105510355512,0.06727910399719128
FRAT1 (10023),-0.008348128222185289,0.006719075218592431
FRZB (2487),0.022435533860492317,-0.018057465765477253
FSCB (84075),-0.07576843910550465,0.06098299259375301
FUNDC2 (65991),-0.042215747530638184,0.03397777028791424
FUT9 (10690),-0.10508265195559215,0.08457683253863198
FZD8 (8325),0.04580297631057982,-0.03686498756072441
GABRA1 (2554),0.06933740821138869,-0.055806912500035236
GALNTL5 (168391),0.017164859514483845,-0.013815310345604452
GALR3 (8484),0.04136716849174159,-0.03329478288768303
GAPDH (2597),0.33780334904664244,-0.2718844333637557
GATA1 (2623),0.040944930324222195,-0.0329549402388622
GATA2 (2624),0.13565908549961928,-0.10918658354277164
GATA3 (2625),-0.16164953158222467,0.13010525627346947
GATC (283459),0.04830653858958195,-0.03888000491782995
GCG (2641),-0.07059650135334519,0.05682030631753042
GDF2 (2658),-0.06161435500119444,0.049590935210828815
GEMIN8 (54960),0.016696874298643062,-0.013438647723429212
GFM1 (85476),-0.15109994209504124,0.121614312746598
GFRAL (389400),-0.10683589030921431,0.08598794411485366
GHRH (2691),-0.05919468293650154,0.047643437739025185
GINS3 (64785),0.12381857553526643,-0.09965662964657307
GJA10 (84694),-0.09805540658161391,0.07892088320596763
GJB2 (2706),-0.030795615832721453,0.024786162080386268
GK2 (2712),-0.06144567151086967,0.049455168601900266
GLRA1 (2741),0.016462809792715825,-0.013250258544505452
GML (2765),-0.03112522752620278,0.025051453377127872
GNA11 (2767),0.04816351209935811,-0.038764888604269826
GNAI2 (2771),-0.0012530340685473268,0.0010085171111356614
GNAQ (2776),-0.1410337795127873,0.1135124602411462
GNAS (2778),0.06086814432714943,-0.048990340021777865
GNB1L (54584),-0.07321054494630663,0.05892424567475195
GNS (2799),-0.015653758333662574,0.012599085315679822
GON4L (54856),0.1136339418531902,-0.09145942448124955
GPN1 (11321),0.6612854375430849,-0.5322422556955757
GPR139 (124274),-0.02545543620585416,0.02048806463401959
GPR151 (134391),0.06644132165729899,-0.053475968020197204
GPR26 (2849),0.1663979590109831,-0.13392707599337594
GPR32 (2854),-0.028790879968119812,0.023172630195254017
GPR52 (9293),-0.04894117092011508,0.039390795151462286
GPRC6A (222545),-0.08533832603742733,0.06868541263542569
GPX6 (257202),-0.04964949859156477,0.03996089982369683
GRHL2 (79977),0.007168827317208507,-0.005769902988003608
GRIN2B (2904),-0.0075873456524728385,0.006106751692306931
GRM5 (2915),-0.01160167774883555,0.009337727378112858
GRPEL1 (80273),0.5367257808924772,-0.4319891594370234
GSC2 (2928),0.038308233074731954,-0.030832767857645094
GSX1 (219409),0.0629612193159698,-0.05067497254223491
GTF2A2 (2958),0.4413143972032,-0.35519634472982153
GTF3C1 (2975),0.2819737665017945,-0.22694943062331477
GTPBP4 (23560),0.7653458396609686,-0.6159963201394983
GUCA2A (2980),0.02553293304837072,-0.020550438749535493
H2AC1 (221613),0.08543636086635797,-0.06876431695650168
H4C7 (8369),0.14741790865447071,-0.11865079098625664
HAUS1 (115106),0.4864717877187146,-0.3915417260504823
HAUS7 (55559),0.04217088665746882,-0.03394166356157101
HCRTR2 (3062),0.1116882448115256,-0.0898934105883634
HEATR1 (55127),0.4377607985886012,-0.3523361950348609
HERC1 (8925),-0.09062175094868292,0.07293783047637
HERC6 (55008),-0.06661960656657079,0.0536194624280279
HMGCS1 (3157),1.1438475506166552,-0.9206372406656882
HMX1 (3166),-0.04052462331774918,0.03261665190449179
HNF1B (6928),-0.09481466032864747,0.07631253589043571
HNF4A (3172),0.014325150541353717,-0.011529741930559364
HNRNPH1 (3187),-0.20714891712177325,0.16672589573939484
HNRNPL (3191),0.7434956040677405,-0.5984099375891314
HOXB13 (10481),0.07232509237557294,-0.058211580240427996
HOXD12 (3238),0.02347356715338583,-0.018892937333321588
HRAS (3265),-0.11630751949753275,0.09361128042032645
HRH3 (11255),0.0329075351599849,-0.02648596165674779
HSD17B10 (3028),-0.11932240262720462,0.09603783952248501
HSPA9 (3313),0.9691347946166089,-0.7800179164329557
HTR1A (3350),0.07254317775300628,-0.058387108456580177
HTR3D (200909),0.038080747123023256,-0.030649673494450975
HTR5A (3361),-0.06577324827368274,0.05293826241762535
IAPP (3375),0.030302503449175247,-0.024389275603791276
IARS1 (3376),0.9591716102055403,-0.7719989469474637
IDH1 (3417),-0.053894379743663276,0.04337743524287478
IFNA10 (3446),-0.015746945423216967,0.012674087884813069
IFNA16 (3449),-0.023355489237918692,0.01879790113184472
IFNA2 (3440),0.0,0.0
IFNA4 (3441),0.0,0.0
IFNA6 (3443),-0.0023752200107956464,0.0019117197877758776
IFNA8 (3445),-0.12239957519146924,0.09851453290447415
IFNK (56832),-0.044157114563713254,0.035540299129704425
IGBP1 (3476),0.7728787979986762,-0.6220592976528374
IL12B (3593),-0.04928963616176639,0.03967126091664998
IL17A (3605),0.05435938264604026,-0.04375169751997203
IL1F10 (84639),0.013032600540593093,-0.01048942002273067
IL22 (50616),-0.121340479475047,0.0976621090325673
IL26 (55801),-0.025859092028152418,0.020812951094823708
IL31 (386653),0.019429401075303526,-0.015637949466352545
IL36B (27177),-0.023032337400611884,0.018537809115514572
IL9 (3578),-0.12228914254121934,0.09842565007183562
IMP4 (92856),0.22239878482384498,-0.17899990560564255
INHBC (3626),0.1402633076792128,-0.1128923382130925
INSL5 (10022),0.15670408589443757,-0.12612486442019166
INSM2 (84684),0.0670720198989532,-0.05398359186270682
INTS3 (65123),-0.07245847930669229,0.0583189380575955
IP6K2 (51447),-0.04316106627805165,0.034738619618490764
IPO11 (51194),0.1469090015450237,-0.11824119196517743
IQCF1 (132141),-0.03652457893176804,0.02939717582652612
IRF2BP2 (359948),-0.05185803156922431,0.04173845987125344
IRF4 (3662),-0.17917720529079487,0.14421258128338646
IRF8 (3394),-0.043572508578185995,0.0350697731045341
ISG20L2 (81875),0.4774312960426741,-0.3842653951212392
ISX (91464),-0.18054533509502219,0.14531373435851197
JAK2 (3717),-0.005422364319970096,0.004364244625719672
JAK3 (3718),0.07192748788822527,-0.05789156425760694
JUN (3725),-0.04321126611691685,0.03477902346523573
JUP (3728),0.07356261667709982,-0.059207614159109065
KANSL2 (54934),0.4668118223317118,-0.3757182045718418
KASH5 (147872),0.12098182971243407,-0.09737344615293847
KCMF1 (56888),0.35117707137513887,-0.28264840869884156
KCNB2 (9312),0.13615329821645178,-0.10958435563371267
KCNK10 (54207),-0.06372313897119472,0.05128821126326645
KCNK18 (338567),-0.1424708264157298,0.1146690819384335
KDELR3 (11015),-0.0686032093107373,0.05521598510797929
KDR (3791),0.04966565587159479,-0.039973904173529536
KHDC3L (154288),-0.03150105703988025,0.025353943552716585
KIN (22944),0.6473218587516691,-0.5210035284356218
KIR2DL1 (3802),-0.1179126730025833,0.09490320441224122
KIT (3815),-0.09407895061760813,0.07572039250739743
KLF5 (688),-0.005415822486476039,0.004358979365035575
KLK12 (43849),0.0192073537007674,-0.015459232396862126
KRAS (3845),-0.05002984138193496,0.040267022555563275
KRT2 (3849),0.12249382015277299,-0.09859038691235708
KRT26 (353288),-0.05518940356981691,0.044419748234027896
KRT33A (3883),0.0,0.0
KRT36 (8689),0.1315895655035242,-0.10591118931911042
KRT38 (8687),0.03284379981213609,-0.026434663619046204
KRT71 (112802),0.0541621190187371,-0.04359292789946956
KRT74 (121391),0.03739949486366792,-0.03010136074078722
KRT76 (51350),-0.03215331405119292,0.025878919188478545
KRT78 (196374),0.017487463000822018,-0.014074961016125532
KRT84 (3890),0.06934070333124417,-0.055809564610493294
KRT86 (3892),0.0,0.0
KRTAP1-1 (81851),-0.019402111506068916,0.015615985181246926
KRTAP10-10 (353333),0.12237593952519524,-0.09849550950002828
KRTAP10-9 (386676),-0.09435745041596624,0.07594454587971364
KRTAP13-1 (140258),-0.14484985188943827,0.11658386459142567
KRTAP13-3 (337960),0.03266974841325169,-0.026294576594760012
KRTAP15-1 (254950),-0.2781799808321345,0.22389596395399342
KRTAP19-3 (337970),0.0,0.0
KRTAP26-1 (388818),-0.06712655378076543,0.05402748400764111
KRTAP4-11 (653240),0.9429388256896853,-0.7589338265676187
KRTAP4-2 (85291),0.47250927540088694,-0.3803038571525548
KRTAP5-1 (387264),-0.001233187253968843,0.0009925432022002546
KSR2 (283455),-0.0002609824543302846,0.00021005436125405092
LAGE3 (8270),0.32865512388430274,-0.26452139205120984
LAS1L (81887),0.49957091288445143,-0.40208468908888473
LBX1 (10660),-0.013194221820805267,0.010619502540603946
LCT (3938),0.05995708841240423,-0.048257067477730356
LGALS14 (56891),-0.10832124379829233,0.08718344585532661
LHX3 (8022),-0.016465601630360042,0.013252505583198475
LIAS (11019),0.124975262901761,-0.10058760114258086
LIM2 (3982),-0.044476502386614575,0.03579736164106755
LMX1B (4010),0.15603667909199165,-0.1255876953221995
LORICRIN (4014),-0.03898412472820253,0.031376766073582744
LPGAT1 (9926),-0.10308468668366777,0.08296875003332024
LRIT2 (340745),0.036487544278740465,-0.029367368112417767
LRPPRC (10128),-0.09484646061730684,0.07633813067357613
LSM4 (25804),1.1073614064243442,-0.8912709994269576
LYL1 (4066),0.022836796181326103,-0.018380425792481173
LYRM4 (57128),0.0014948867053964751,-0.001203174645801434
MAP2K1 (5604),0.07731266366145378,-0.062225877306310004
MAP2K2 (5605),-0.05401349731884499,0.043473308224961406
MAS1 (4142),-0.054114237152430536,0.04355438969632296
MASTL (84930),-0.07567473817289305,0.060907576452851345
MBD3L1 (85509),-0.018027183442496236,0.01450936045850397
MBL2 (4153),-0.0041069901301185666,0.003305552439042411
MC3R (4159),-0.0947990950629824,0.07630000802933709
MCL1 (4170),0.16988488338827987,-0.13673356225580996
MCM10 (55388),0.35530319606284044,-0.28596936177959104
MCM6 (4175),0.6402870532853058,-0.5153414942863324
MDC1 (9656),-0.08214292042699786,0.06611355819345263
MDM2 (4193),-0.09098346695602164,0.07322896125399975
MECOM (2122),0.0016886126431932555,-0.0013590969212151902
MED12 (9968),0.02312787514516429,-0.018614703633037237
MED14 (9282),0.793494749948211,-0.6386522545606736
MED20 (9477),1.0668097730427273,-0.8586326082000744
MED31 (51003),1.0112104452230413,-0.8138829282980737
MED8 (112950),-0.2640791860924846,0.21254679705381868
MEF2D (4209),0.045465351806939766,-0.036593247072890404
MEP1A (4224),0.03816107944867844,-0.030714329777176398
MEPE (56955),-0.009153887245057241,0.007367598496942243
MET (4233),0.13765126252315463,-0.11079000731797349
METTL1 (4234),-0.1362658283649537,0.1096749266589797
MFAP1 (4236),0.8793024764263346,-0.7077154688762768
MICU2 (221154),-0.0051201839571329184,0.0041210317121843
MIS18BP1 (55320),-0.18689752518968114,0.150426358639412
MLLT10 (8028),0.03157678262317541,-0.02541489205237903
MMD2 (221938),-0.0535495621180775,0.04309990529827594
MMP21 (118856),0.11464718688949482,-0.09227494497070535
MMP27 (64066),-0.07509931046767639,0.06044443765918285
MOB4 (25843),0.15221495915827682,-0.12251174547864255
MORC1 (27136),-0.036992133831778545,0.029773492104664182
MPRIP (23164),0.15632749266223334,-0.12582175955804203
MRGPRX1 (259249),-0.1627839747912602,0.13101832433493918
MRGPRX4 (117196),-0.09087340908358255,0.07314038006506314
MRPL16 (54948),-0.28505399983665347,0.22942858749739492
MRPL20 (55052),-0.12821818968645535,0.10319770348107196
MRPL27 (51264),-0.021798461900890912,0.017544711971777444
MRPL37 (51253),0.15806270654945115,-0.12721836396064073
MRPL40 (64976),-0.1416218038239204,0.1139857375401657
MRPL48 (51642),0.08555072868215596,-0.06885636704683099
MRPL9 (65005),0.042898501752501664,-0.03452729191125503
MRPS15 (64960),0.18431437143742743,-0.14834728128211208
MRPS23 (51649),-0.18338060535708542,0.14759573023217554
MRPS30 (10884),0.07021009982129407,-0.05650930714629929
MRPS5 (64969),0.10785098829011305,-0.0868049559654592
MRTO4 (51154),0.226146843362179,-0.1820165683320042
MS4A13 (503497),-0.14662609489768855,0.11801349169600414
MSGN1 (343930),0.035691879314311295,-0.028726969138838182
MSI2 (124540),-0.02251514142170953,0.01812153871423308
MTA3 (57504),0.11826380071630575,-0.09518581309493535
MTNR1B (4544),0.04337262983784444,-0.03490889868392046
MTOR (2475),0.06405694602370934,-0.0515568792370503
MTPAP (55149),-0.09752504259053525,0.0784940143972423
MUC7 (4589),0.03929630978151179,-0.031628031363175546
MYB (4602),-0.1297545264162994,0.10443423959721299
MYBL1 (4603),-0.043600817639552925,0.035092557938167415
MYBPC3 (4607),0.09658968061999815,-0.07774117887898233
MYCN (4613),0.019013470578514165,-0.01530318360995286
MYD88 (4615),-0.021674594290457528,0.01744501587589844
N6AMT1 (29104),-0.25367380922852817,0.20417192451162097
NAA25 (80018),-0.09175305572316991,0.07384837253713161
NAF1 (92345),-0.1815951834934289,0.14615871543322373
NANOGNB (360030),0.21302878883096693,-0.17145836980283274
NARS2 (79731),-0.08125519822947025,0.06539906602710677
NAV3 (89795),-0.041625808334715256,0.03350295177455359
NCAPG (64151),0.06185989223877444,-0.04978855833356441
NCL (4691),0.24458629264215076,-0.1968577451088887
NCR2 (9436),-0.21717119515856564,0.1747924273257086
NDST1 (3340),-0.07897082194156502,0.06356046272616389
NEDD1 (121441),0.4609167169447579,-0.37097346952917554
NEUROD2 (4761),0.09221230686199267,-0.07421800544930633
NEUROD6 (63974),-0.04045768282847367,0.032562774176378304
NFE2L2 (4780),-0.02612396928444079,0.02102614022672591
NFKBIE (4794),0.012378728064420225,-0.009963144163778574
NFS1 (9054),0.04851681121711848,-0.03904924496340979
NIP7 (51388),0.3027814606985263,-0.24369671321317327
NKX2-1 (7080),0.26039811234864363,-0.20958404771507186
NLRP4 (147945),-0.06141344552019164,0.049429231188195484
NLRP8 (126205),-0.007047459562145568,0.00567221892593896
NMS (129521),0.1449936449523398,-0.1166995978887389
NOB1 (28987),0.09689079072080609,-0.07798353038132627
NOL11 (25926),0.3105043026140032,-0.24991252043969478
NOL9 (79707),0.04273381299138615,-0.03439474050043083
NOP10 (55505),0.12139317998378077,-0.09770452556868364
NOP56 (10528),0.6199090877865839,-0.49894008317432725
NOTCH1 (4851),0.028227975334949428,-0.0227195707224593
NOX3 (50508),0.06349554906368435,-0.051105033230196606
NPAT (4863),0.3636584392200092,-0.29269416352538297
NPHP3 (27031),0.12085804958449037,-0.09727382046822386
NPHS2 (7827),0.023681831447731158,-0.01906056095167169
NPVF (64111),-0.018632391193353002,0.014996468022337877
NRAS (4893),0.03604165454760608,-0.0290084892640158
NSA2 (10412),0.7321316880258578,-0.5892635751194866
NSMCE4A (54780),0.05533363135929296,-0.04453583142541032
NT5C2 (22978),-0.09943412810947473,0.08003056113671274
NUDC (10726),0.05954433535939144,-0.04792485901900946
NUFIP1 (26747),0.18894185252987405,-0.15207175612308715
NUP155 (9631),0.37149255571912443,-0.2989995312231245
NUP43 (348995),-0.4126377898675083,0.33211568801560143
NUP93 (9688),0.6614507528725031,-0.5323753114062195
OC90 (729330),-0.06176081693732052,0.04970881657768139
OGT (8473),0.0906945987436184,-0.07299646275903898
OLIG3 (167826),-0.024933924346141015,0.020068320552527344
OPN5 (221391),-0.07427106462074264,0.05977781563363159
OR10A4 (283297),0.0,0.0
OR10H1 (26539),0.0,0.0
OR10H3 (26532),0.0,0.0
OR10R2 (343406),0.0,0.0
OR11A1 (26531),0.0,0.0
OR12D3 (81797),0.0,0.0
OR13D1 (286365),0.0,0.0
OR1A1 (8383),0.0,0.0
OR1E1 (8387),0.0,0.0
OR1G1 (8390),0.0,0.0
OR1N2 (138882),0.0,0.0
OR2AT4 (341152),0.0,0.0
OR2C3 (81472),0.0,0.0
OR2D3 (120775),0.0,0.0
OR2G2 (81470),0.0,0.0
OR2H1 (26716),0.0,0.0
OR2L3 (391192),0.0,0.0
OR2T10 (127069),0.0,0.0
OR2T2 (401992),0.0,0.0
OR2T5 (401993),0.0,0.0
OR3A1 (4994),0.0,0.0
OR4C3 (256144),0.0,0.0
OR4D10 (390197),0.0,0.0
OR4D9 (390199),0.0,0.0
OR51B6 (390058),0.0,0.0
OR51F2 (119694),0.0,0.0
OR51V1 (283111),0.0,0.0
OR52A5 (390054),0.0,0.0
OR52B6 (340980),0.0,0.0
OR52L1 (338751),0.0,0.0
OR56A1 (120796),0.0,0.0
OR56B1 (387748),0.0,0.0
OR5C1 (392391),0.0,0.0
OR5M1 (390168),0.0,0.0
OR5P2 (120065),0.0,0.0
OR5T1 (390155),0.0,0.0
OR5T3 (390154),0.0,0.0
OR5W2 (390148),0.0,0.0
OR6V1 (346517),0.0,0.0
OR7C2 (26658),0.0,0.0
OR7G2 (390882),0.0,0.0
OR8B8 (26493),0.0,0.0
OR8U1 (219417),0.0,0.0
OR9Q2 (219957),0.0,0.0
ORC2 (4999),0.035336461945013074,-0.028440907883578274
ORC6 (23594),0.9554015409157741,-0.7689645686457593
ORMDL2 (29095),0.17632722988582653,-0.1419187498271049
OTOP3 (347741),0.010999326670641567,-0.008852919036090747
OTP (23440),0.03207084146449405,-0.02581254029506038
PABPN1 (8106),0.5297835679649133,-0.4264016493266939
PALB2 (79728),-0.08249651265770266,0.06639815046750297
PANX3 (116337),-0.003605562361162961,0.0029019732406120155
PARD3 (56288),0.011717765433601056,-0.009431161722331338
PARD6B (84612),-0.19770303682042945,0.15912328368536777
PASD1 (139135),-0.13547147771613807,0.10903558552558096
PAX4 (5078),-0.04085928922751963,0.03288601113820247
PAX8 (7849),0.08429756672794415,-0.06784774700562811
PCARE (388939),0.04986514882033864,-0.040134468085883765
PCF11 (51585),0.11314343448585887,-0.09106463467823547
PCSK4 (54760),-0.006497570571205067,0.005229635224099514
PCYT1A (5130),0.29164931719305726,-0.23473689520766683
PDCL (5082),0.013498592742247947,-0.010864478547332114
PDE6H (5149),0.305910195665375,-0.2462149071150625
PDX1 (3651),0.059280723817276976,-0.04771268860992911
PEA15 (8682),-0.05373781957318699,0.04325142621023077
PES1 (23481),0.5321455039787001,-0.42830267735546335
PFDN2 (5202),0.4628074482066389,-0.37249524365968806
PGK1 (5230),-0.340183362166398,0.2738000109336326
PGK2 (5232),-0.014552745559648694,0.01171292407709575
PGLYRP3 (114771),0.09164881906848746,-0.07376447661403299
PGR (5241),0.02414093041498861,-0.019430071387026918
PHIP (55023),0.016224486028655297,-0.013058441258704156
PIK3C3 (5289),-0.07349866155362776,0.059156139232779945
PIK3CA (5290),0.17397297261642036,-0.1400239021132161
PIK3CB (5291),0.145174842308279,-0.11684543640865167
PIRT (644139),-0.14700200021425452,0.11831604288231237
PIWIL3 (440822),-0.08922517129355506,0.07181377925173468
PLA2G2F (64600),-0.154559934610375,0.12439912262823263
PLRG1 (5356),0.28949476889722114,-0.233002785275893
PMVK (10654),-0.17472811781352565,0.14063168834328688
PNLIP (5406),-0.017458929304185553,0.014051995382529318
PNPLA5 (150379),-0.0024909459478149616,0.002004862975671394
PNPT1 (87178),0.2253277619472271,-0.18135732239198768
POLD2 (5425),0.6814608977283121,-0.5484806783630671
POLR1A (25885),0.1270177816696812,-0.10223154297861675
POLR1F (221830),1.0734779586334018,-0.8639995646438206
POLR2D (5433),0.7382958531895742,-0.5942248656378533
POLR2L (5441),0.3038428276483023,-0.24455096511015795
POLR3E (55718),0.3494155754879298,-0.2812306509634074
POP4 (10775),0.48444998821043006,-0.38991446031958776
POTED (317754),0.045159841140437786,-0.0363473537308531
POTEH (23784),0.0,0.0
POU2AF3 (120376),-0.009780645502709295,0.00787205120357972
POU2F2 (5452),-0.017851320605908293,0.014367815480307633
POU4F3 (5459),-0.02043832011876122,0.01644998813682328
PPIE (10450),0.15348611129601408,-0.12353484510054745
PPME1 (51400),-0.10866037313140836,0.08745639752034562
PPP1R15B (84919),0.10329414546656938,-0.08313733504783531
PPP2CA (5515),-0.03841000635413908,0.030914681108301936
PPP3R2 (5535),0.014429051641743362,-0.011613367779400217
PPRC1 (23082),-0.012921569691084718,0.010400055723384094
PRAMEF2 (65122),0.0,0.0
PRB4 (5545),0.0,0.0
PRDM1 (639),0.022390752036081908,-0.018021422662325134
PRDM14 (63978),-0.08561536853297191,0.06890839308287064
PRDM9 (56979),-0.08547263448585571,0.06879351214509595
PREB (10113),0.4646748899126646,-0.3739982729562168
PRLH (51052),-0.04161727873752792,0.03349608664220767
PRMT5 (10419),-0.01026594895348153,0.008262652581852218
PROP1 (5626),-0.03448920470254116,0.02775898434453424
PRPF3 (9129),0.21447739198777416,-0.1726242926676268
PRPF4 (9128),0.5649333182787875,-0.4546922804703348
PRPF8 (10594),0.6145169897564797,-0.49460019867734345
PRRT4 (401399),0.171747000017889,-0.13823230561086353
PRSS37 (136242),-0.005702422605075935,0.004589652361817377
PRSS55 (203074),-0.040565533523177336,0.03264957889604775
PSKH2 (85481),-0.017648704791431942,0.014204738097964001
PSMA5 (5686),0.8593190447171379,-0.691631602264972
PSMB4 (5692),1.0087692218961428,-0.8119180850754669
PSMC1 (5700),0.5321067740554488,-0.428271505186013
PSMC6 (5706),0.8407650312534248,-0.6766982173490379
PSMD13 (5719),0.09625670984073803,-0.077473183988164
PSMD4 (5710),0.00928199075890497,-0.0074707039024176245
PSMG1 (8624),-0.22069679956322724,0.1776300455983854
PTCD3 (55037),0.021516335832463384,-0.017317639959412726
QARS1 (5859),0.5306251090378548,-0.42707897214902457
RAB43 (339122),0.14343527628294445,-0.11544532914378375
RAC1 (5879),0.4571007261561634,-0.36790213084586654
RACGAP1 (29127),0.22677827576215254,-0.18252478306924358
RAD51C (5889),0.4940449294963638,-0.3976370456108437
RAF1 (5894),-0.027079611828321668,0.021795298769039458
RANGAP1 (5905),1.0037017004001612,-0.8078394392764184
RAX (30062),-0.02470327804909494,0.01988268255350572
RBBP5 (5929),0.21299355903941544,-0.17143001474969152
RBM14 (10432),0.406689401385513,-0.3273280675363518
RBM28 (55131),-0.27753983038205915,0.22338073240617873
RBM46 (166863),-0.19853464089533868,0.1597926086145841
RBM47 (54502),0.010012081390089161,-0.00805832471234717
RBM48 (84060),-0.1305916142107661,0.10510797815343695
RBP3 (5949),0.08544810841153484,-0.0687737720867508
RCC1 (1104),0.5122679135910377,-0.4123039981995614
RD3 (343035),-0.046925624140392454,0.03776856199223046
REG3A (5068),-0.0077438899058470175,0.006232747913910746
RELB (5971),-0.03369166365651034,0.02711707538775096
RET (5979),0.0038737872258745223,-0.0031178567289255176
RETNLB (84666),-0.14293472214431463,0.11504245309553454
RFC2 (5982),0.023888916681991813,-0.01922723559161786
RFPL4B (442247),-0.13549658706938553,0.1090557950418545
RFT1 (91869),-0.1257919190975352,0.10124489512047569
RGN (9104),-0.032277691576158354,0.02597902569421288
RHBDD1 (84236),-0.19594448378864388,0.1577078945368099
RHO (6010),0.07655233836821931,-0.06161392182361099
RHOA (387),0.008973183965168028,-0.00722215763912272
RIOK1 (83732),0.30500269651985196,-0.24548449727260552
RNASE11 (122651),-0.16531524900337213,0.1330556459209763
RNASE13 (440163),-0.05867513148208825,0.04722527150951581
RNASE9 (390443),-0.15722424747026123,0.1265435217120733
RNF113B (140432),-0.08128910558131282,0.065426356701307
RNF168 (165918),0.09600716077310656,-0.07727233190353865
RNGTT (8732),-0.07264303371133639,0.05846747853202554
RP1 (6101),0.09339265836793932,-0.07516802326668459
RPA1 (6117),1.059169550834929,-0.8524832982787759
RPE65 (6121),0.04599583901164932,-0.037020215051349566
RPF1 (80135),0.3496636731505611,-0.2814303348700761
RPL11 (6135),0.9649059539769796,-0.7766142913820611
RPL18 (6141),0.4307699420081819,-0.34670953358979595
RPL23A (6147),0.0,0.0
RPL3 (6122),1.1803580685479362,-0.9500230993541197
RPL7L1 (285855),0.0,0.0
RPN1 (6184),-0.09468876182748928,0.07621120521166846
RPP38 (10557),0.5687683346958339,-0.457778932122641
RPS11 (6205),0.8786708303489768,-0.7072070821586389
RPS15A (6210),0.8048094751620527,-0.6477590252961147
RPS19BP1 (91582),0.09821733728017826,-0.07905121476232316
RPS21 (6227),1.1332363463480657,-0.9120967058604095
RPS4X (6191),0.8537359050627946,-0.6871379559894217
RPTOR (57521),0.17817197884645003,-0.143403514638564
RRAS2 (22800),-0.13204482066272194,0.10627760602677107
RRP1 (8568),0.29648594559159536,-0.23862970436790407
RRP7A (27341),0.24130637999749247,-0.19421787432787874
RTEL1 (51750),-0.06069097690103052,0.048847745031536355
RTP1 (132112),-0.030181119099311086,0.024291578185233448
RUNX1 (861),-0.07226762090551833,0.05816532374796138
RUVBL2 (10856),0.764307242004344,-0.6151603943378117
RXFP2 (122042),-0.08342941819350465,0.06714900889948497
SAMM50 (25813),0.3487441060891547,-0.28069021204377476
SARS2 (54938),0.04069479485587804,-0.03275361618370744
SATB2 (23314),-0.061617815199162,0.04959372018607075
SCFD1 (23256),0.4258847766433008,-0.3427776589625389
SCGB1D1 (10648),-0.09943850911841669,0.0800340872359569
SCRT2 (85508),0.046427605974787095,-0.03736772704745383
SDHA (6389),-0.14373666566015075,0.11568790542455436
SDHAF3 (57001),0.06010867327824397,-0.048379072086244965
SEC14L3 (266629),-0.017473256996011897,0.01406352716983874
SEC61A1 (29927),0.941255407960764,-0.7575789108255635
SEH1L (81929),0.19135177148634291,-0.15401140370734376
SEPTIN14 (346288),0.0,0.0
SERPINA9 (327657),-0.04859952653975637,0.03911581922529729
SF3A1 (10291),-0.07709954447266093,0.06205434617718587
SF3B1 (23451),0.3769168539979913,-0.3033653324151727
SF3B3 (23450),1.0801433662240898,-0.869364285186252
SHCBP1L (81626),0.12805951968528323,-0.10306999632990763
SHQ1 (55164),-0.05881797691961261,0.04734024210098424
SIGLECL1 (284369),-0.05405728363548829,0.04350855008364412
SIRPB2 (284759),-0.12024444005256432,0.09677995064613609
SLC10A2 (6555),0.04108850289912962,-0.03307049607418901
SLC16A11 (162515),0.0540192337924127,-0.04347792528358401
SLC17A2 (10246),0.051024566582389214,-0.04106763716830002
SLC18A3 (6572),0.015942891366111305,-0.01283179695372582
SLC22A13 (9390),-0.023157722159424403,0.01863872630357207
SLC22A6 (9356),0.007160706455434549,-0.005763366830478617
SLC22A9 (114571),-0.0030834986227963558,0.0024817849740179808
SLC25A26 (115286),-0.17294567928871346,0.13919707471470089
SLC25A31 (83447),0.0325069786704706,-0.02616356972520204
SLC2A7 (155184),-0.04525806545737206,0.03642641056326043
SLC34A1 (6569),-0.1253435011259822,0.10088398139226698
SLC39A12 (221074),-0.06118939881385983,0.049248904936339336
SLC5A11 (115584),0.026929990745956138,-0.021674874731465437
SLC6A5 (9152),-0.07442272572984321,0.05989988160730387
SLC7A13 (157724),-0.06757560698455531,0.05438890900892414
SLCO6A1 (133482),-0.009255549613927648,0.0074494224801347
SLU7 (10569),0.5155573749645216,-0.4149515543712977
SMC2 (10592),0.015293710595236862,-0.012309297261114793
SMC6 (79677),0.35975163505857344,-0.2895497327827842
SMNDC1 (10285),0.13156083525187173,-0.10588806548622666
SNIP1 (79753),-0.03999089969209632,0.03218707905998622
SNRNP40 (9410),-0.05437196726693381,0.04376182637905645
SNRPC (6631),-0.08666059205955418,0.06974965178283707
SNRPF (6636),1.362892106926787,-1.0969374616133862
SOHLH1 (402381),-0.06932261347933699,0.05579500481068876
SON (6651),0.10510790040256077,-0.08459715400589024
SOS1 (6654),-0.018172965873355516,0.014626694918687469
SOX10 (6663),-0.11740864295961287,0.09449753074731729
SOX14 (8403),0.0027164186845007833,-0.0021863369824442983
SOX4 (6659),0.01305369378358981,-0.010506397132152918
SOX9 (6662),0.03200167904044224,-0.025756874220326485
SPACA1 (81833),-0.030708407644773783,0.024715971690528533
SPACA4 (171169),0.033605606128684046,-0.027047811118300194
SPATA16 (83893),0.09505853667605062,-0.0765088222289568
SPC25 (57405),0.8420047246383771,-0.6776959970763964
SPDEF (25803),0.06974693491127129,-0.05613652419589068
SPEM1 (374768),-0.008280995926076118,0.006665043112813842
SPI1 (6688),0.021074093191536483,-0.016961696508357424
SPINK14 (408187),0.025877738008140957,-0.020827958499924942
SPPL2C (162540),0.020180455276202453,-0.01624244301685514
SRBD1 (55133),0.3525954969138312,-0.28379004280325304
SRP19 (6728),1.0616534342036126,-0.8544824768663835
SRPRB (58477),0.07288623393931917,-0.05866322068901022
SRSF11 (9295),0.059792412075756335,-0.04812452606686428
SSTR4 (6754),0.05813177614656208,-0.046787946486150485
SSU72 (29101),0.692010169244907,-0.5569713659681028
STAT3 (6774),0.21751406257417716,-0.1750683876241353
STK16 (8576),0.09868936120906883,-0.07943112798344054
STK19 (8859),0.0,0.0
STPG4 (285051),-0.10383035011067508,0.08356890476507207
STX5 (6811),0.9168376430356926,-0.7379260263902888
SUN5 (140732),0.08163862858911525,-0.06570767382025255
SUPT16H (11198),1.0540055428503425,-0.8483269943559827
SUPV3L1 (6832),0.0750097338601537,-0.060372341022936676
TAAR2 (9287),-0.03912382996204289,0.03148920924043658
TAAR6 (319100),-0.0677919361174456,0.05456302369393819
TACC3 (10460),0.07784478978982456,-0.06265416438901197
TAF1B (9014),0.13895147976961864,-0.11183650028585657
TAF6L (10629),0.014212844725324664,-0.011439351461546288
TAS1R2 (80834),0.027336145419809513,-0.022001772418153022
TAS2R13 (50838),-0.08115058936651032,0.06531487052842105
TAS2R39 (259285),0.04711484509461083,-0.037920858386163214
TAS2R41 (259287),-0.0493127021703864,0.03968982582638611
TAS2R43 (259289),-0.1503278878505356,0.12099291709914245
TAS2R50 (259296),-0.017927195565392608,0.014428884206902892
TAS2R7 (50837),0.08598825012580175,-0.0692085105946254
TAS2R9 (50835),-0.03911612368679515,0.031483006767059715
TBC1D21 (161514),-0.12274675730635837,0.09879396593214265
TBCA (6902),0.002739196145635554,-0.002204669651825966
TBR1 (10716),0.07447099861685315,-0.05993873452740832
TBX2 (6909),0.013984716069607779,-0.011255739811547351
TBX3 (6926),-0.03700332935737743,0.02978250293638699
TBXT (6862),0.022217661622430142,-0.017882109096698195
TCF4 (6925),-0.14691425250110263,0.11824541825015107
TCF7 (6932),0.18145692647306177,-0.14604743787559393
TCP1 (6950),0.6621215137909124,-0.5329151800982823
TEAD1 (7003),-0.08773665789019974,0.07061573422237727
TEX101 (83639),-0.07244050743382,0.05830447321440741
TEX45 (374877),0.026346128541300626,-0.021204947345833274
TFAM (7019),-0.007988006756897897,0.006429227824219001
TFAP2A (7020),0.005045527777321163,-0.004060943932704
TFAP2C (7022),-0.11276292332587406,0.09075837643238613
TFAP2D (83741),0.10244566837789038,-0.08245442970326522
THOC7 (80145),0.1639325272097963,-0.1319427483360143
TIMM22 (29928),0.10078954973661719,-0.08112148590730678
TIPARP (25976),0.1294737503030701,-0.10420825410990842
TIPRL (261726),0.068787548940393,-0.055364352718593204
TKTL2 (84076),-0.03993267317040925,0.03214021485659596
TLE3 (7090),-0.028656818284116342,0.023064729296420595
TMED2 (10959),-0.1386525375991991,0.11159589366415656
TMEM132D (121256),-0.05789725415298961,0.04659918909368015
TMEM174 (134288),0.0506721795021028,-0.040784014871721924
TMEM225 (338661),-0.17811100558209886,0.1433544396916304
TMPRSS11A (339967),-0.038034203464372154,0.030612212361236207
TMPRSS11F (389208),-0.007529172024987532,0.006059930061348581
TMPRSS15 (5651),-0.030561866335248815,0.024598026439195113
TMPRSS6 (164656),0.03067607388170259,-0.024689947535125874
TNPO3 (23534),0.19602123926925613,-0.15776967195971792
TNS4 (84951),0.0547205782231929,-0.04404240942411623
TOP2A (7153),0.6482594973209793,-0.5217581962973715
TOX (9760),-0.01669482407377998,0.013436997579264741
TP63 (8626),-0.07238887661502616,0.05826291762903063
TPD52L3 (89882),0.004742720921552692,-0.003817226780012587
TPR (7175),0.20315692853729217,-0.16351290345453634
TPRX1 (284355),0.05716450350750031,-0.04600942734440194
TRAPPC1 (58485),0.03217213845529846,-0.02589407020003036
TRAPPC8 (22878),0.5801630097986226,-0.46695005133276485
TREML4 (285852),0.1338478966053342,-0.1077288298892712
TRIM10 (10107),-0.0020779213389143436,0.0016724359524546229
TRIM40 (135644),-0.019958006391136943,0.016063402787564567
TRIM43 (129868),0.0,0.0
TRIM60 (166655),0.00961611110451323,-0.007739624033308513
TRIML1 (339976),-0.04794185767885546,0.03858648780779751
TRMT61A (115708),0.006001914656673223,-0.004830701560930658
TROAP (10024),0.09933562668904393,-0.0799512812747607
TRPM1 (4308),0.009239568103093659,-0.007436559599912645
TSBP1 (10665),-0.055278721344376176,0.044491636545952264
TSEN2 (80746),0.07018452057839095,-0.05648871943459596
TSHB (7252),0.104238717599616,-0.08389758345830656
TSPO2 (222642),0.022881207297126227,-0.01841617052706846
TSR2 (90121),0.551860392445405,-0.4441704042288863
TSSK1B (83942),-0.10095309679218024,0.08125311840489914
TTF2 (8458),-0.039091192999735,0.03146294105206948
TUBB (203068),0.3011471243683077,-0.24238130113001496
TUBGCP3 (10426),0.47005267955914215,-0.37832664120629045
TUT1 (64852),0.8952042321351081,-0.7205141573812027
TXNDC8 (255220),-0.0158655926726355,0.012769582320464365
U2AF1 (7307),1.014714634639756,-0.8167033105016595
U2AF2 (11338),0.3057476954634831,-0.24608411718820852
UBA3 (9039),-0.031601522570512866,0.02543480424857921
UBE2D2 (7322),0.04767314504529285,-0.03837021173380346
UBL5 (59286),1.668460964225802,-1.3428776391007378
UBQLN3 (50613),0.006330823357415261,-0.005095427046873991
UCHL3 (7347),-0.07995437625620497,0.06435208633875703
UMPS (7372),-0.09821026668169264,0.07904552391980124
UQCRFS1 (7386),0.025026283832278586,-0.0201426570167014
URI1 (8725),0.5469642560225437,-0.44022969943493395
UROC1 (131669),0.025905194046102142,-0.02085005676906454
USP29 (57663),-0.12989873831162363,0.10455030999602696
USP36 (57602),0.061120416752400306,-0.0491933840282574
USPL1 (10208),0.5074270195989189,-0.40840775583329786
UTP20 (27340),0.4022757255297412,-0.3237756759970598
VARS1 (7407),0.84547143066993,-0.6804862103992884
VAV1 (7409),-0.03357621296435701,0.027024153733462605
VAX1 (11023),0.003393045269274386,-0.0027309267152554524
VN1R4 (317703),-0.18929593535070277,0.15235674325354798
VPS25 (84313),0.6611002330763858,-0.5320931920121426
VPS72 (6944),0.3369505375149296,-0.2711980393989824
VRTN (55237),0.0424902047525709,-0.03419866995181148
VSTM1 (284415),-0.025600778341583374,0.020605044718225798
WDHD1 (11169),0.2937148552646937,-0.236399364362526
WDR3 (10885),0.4460796074703519,-0.3590316722865204
WDR43 (23160),0.5410806372557126,-0.4354942095143549
WDR70 (55100),0.0,0.0
WDR82 (80335),-0.03183106389069833,0.025619552895827156
WFDC10A (140832),0.05357765752375197,-0.04312251816896975
WFDC9 (259240),0.16642397086943292,-0.13394801190006642
XPO1 (7514),0.5294842322098864,-0.4261607259244521
XRCC6 (2547),0.43173912726575914,-0.34748959212185193
YAP1 (10413),0.00645426073777479,-0.005194776867737737
YARS2 (51067),-0.5154226534653392,0.414843122413561
YKT6 (10652),0.43228726671090156,-0.3479307676841056
ZBTB11 (27107),0.2193082015993592,-0.1765124185184828
ZBTB7B (51043),0.06587651600383965,-0.053021378492044725
ZC3H8 (84524),0.1811628560473369,-0.14581075232675939
ZC4H2 (55906),-0.08086397882603381,0.06508418914348672
ZCCHC12 (170261),-0.05530702461646661,0.044514416720028
ZEB2 (9839),0.03744175022491989,-0.030135370394578385
ZFP36L1 (677),-0.07192090378824237,0.057886264978312896
ZG16 (653808),0.02049857583767689,-0.016498485560074265
ZMAT2 (153527),0.0022492799011054328,-0.001810355619961884
ZNF207 (7756),0.41733931005008396,-0.3358997539652001
ZNF48 (197407),0.05553190884374178,-0.044695417059064636
ZNF622 (90441),0.0356061908273637,-0.02865800189566166
ZNF648 (127665),0.0385183898986818,-0.031001914697539927
ZNF804B (219578),0.00789777612940706,-0.006356604793403475
ZP2 (7783),0.025110605037005768,-0.02021052378898918
ZSWIM2 (151112),0.0036037472115977645,-0.0029005122991725752
