gene,screen_delay
A1CF (29974),2.9999999999999996
A2M (2),2.9999999999999996
A2ML1 (144568),2.9999999999999996
A3GALT2 (127550),2.9999999999999996
A4GALT (53947),2.9999999999999996
A4GNT (51146),2.9999999999999996
AAAS (8086),2.9999999999999996
AACS (65985),2.9999999999999996
AADAC (13),2.9999999999999996
AADACL2 (344752),2.9999999999999996
AAMP (14),2.9999999999999996
ABCE1 (6059),2.9999999999999996
ABCG8 (64241),2.9999999999999996
ABL1 (25),2.9999999999999996
ACTL6A (86),2.9999999999999996
ACTL7A (10881),2.9999999999999996
ACTL8 (81569),2.9999999999999996
ACTL9 (284382),2.9999999999999996
ACTR8 (93973),2.9999999999999996
ADAM18 (8749),2.9999999999999996
ADAM20 (8748),2.9999999999999996
ADGRG7 (84873),2.9999999999999996
ADH1B (125),2.9999999999999996
AFM (173),2.9999999999999996
AHCY (191),2.9999999999999996
AIPL1 (23746),2.9999999999999996
AKT1 (207),2.9999999999999996
ALG1 (56052),2.9999999999999996
ALG2 (85365),2.9999999999999996
ALK (238),2.9999999999999996
ALPI (248),2.9999999999999996
ANAPC10 (10393),2.9999999999999996
ANAPC5 (51433),2.9999999999999996
ANG (283),2.9999999999999996
ANKRD26 (22852),2.9999999999999996
ANKRD30A (91074),2.9999999999999996
APOA4 (337),2.9999999999999996
APOBR (55911),2.9999999999999996
APOF (319),2.9999999999999996
AQR (9716),2.9999999999999996
ARGFX (503582),2.9999999999999996
ARHGAP29 (9411),2.9999999999999996
ARHGAP35 (2909),2.9999999999999996
ARHGEF6 (9459),2.9999999999999996
ARMC7 (79637),2.9999999999999996
ARPC4 (10093),2.9999999999999996
ASB17 (127247),2.9999999999999996
ASZ1 (136991),2.9999999999999996
ATL2 (64225),2.9999999999999996
ATP4B (496),2.9999999999999996
ATP6AP2 (10159),2.9999999999999996
ATP6V1A (523),2.9999999999999996
ATP8B2 (57198),2.9999999999999996
ATR (545),2.9999999999999996
AXL (558),2.9999999999999996
B3GNT6 (192134),2.9999999999999996
BARD1 (580),2.9999999999999996
BARHL1 (56751),2.9999999999999996
BCAS2 (10286),2.9999999999999996
BCL2 (596),2.9999999999999996
BCL6 (604),2.9999999999999996
BDP1 (55814),2.9999999999999996
BMP10 (27302),2.9999999999999996
BMS1 (9790),2.9999999999999996
BPIFA3 (128861),2.9999999999999996
BPIFB6 (128859),2.9999999999999996
BPTF (2186),2.9999999999999996
BRAF (673),2.9999999999999996
BRD8 (10902),2.9999999999999996
BRDT (676),2.9999999999999996
BTK (695),2.9999999999999996
BUB1B (701),2.9999999999999996
BYSL (705),2.9999999999999996
C10orf53 (282966),2.9999999999999996
C11orf71 (54494),2.9999999999999996
C12orf40 (283461),2.9999999999999996
C16orf89 (146556),2.9999999999999996
C17orf78 (284099),2.9999999999999996
C20orf173 (140873),2.9999999999999996
C8A (731),2.9999999999999996
CABP5 (56344),2.9999999999999996
CACFD1 (11094),2.9999999999999996
CACNG2 (10369),2.9999999999999996
CACNG5 (27091),2.9999999999999996
CAD (790),2.9999999999999996
CAPN9 (10753),2.9999999999999996
CBFA2T3 (863),2.9999999999999996
CBLIF (2694),2.9999999999999996
CCDC83 (220047),2.9999999999999996
CCL1 (6346),2.9999999999999996
CCNA2 (890),2.9999999999999996
CCND1 (595),2.9999999999999996
CCND2 (894),2.9999999999999996
CCT2 (10576),2.9999999999999996
CCT6A (908),2.9999999999999996
CD1D (912),2.9999999999999996
CD200R1L (344807),2.9999999999999996
CDC20 (991),2.9999999999999996
CDC45 (8318),2.9999999999999996
CDC73 (79577),2.9999999999999996
CDK1 (983),2.9999999999999996
CDK4 (1019),2.9999999999999996
CDX2 (1045),2.9999999999999996
CEBPA (1050),2.9999999999999996
CEBPZ (10153),2.9999999999999996
CELA2A (63036),2.9999999999999996
CELA3B (23436),2.9999999999999996
CENPJ (55835),2.9999999999999996
CENPW (387103),2.9999999999999996
CEP57 (9702),2.9999999999999996
CETN1 (1068),2.9999999999999996
CFAP53 (220136),2.9999999999999996
CFHR5 (81494),2.9999999999999996
CHAF1A (10036),2.9999999999999996
CHMP2A (27243),2.9999999999999996
CHORDC1 (26973),2.9999999999999996
CHRNA6 (8973),2.9999999999999996
CLASRP (11129),2.9999999999999996
CLCA1 (1179),2.9999999999999996
CLEC2A (387836),2.9999999999999996
CLEC6A (93978),2.9999999999999996
CMPK1 (51727),2.9999999999999996
CMTR1 (23070),2.9999999999999996
CNBD1 (168975),2.9999999999999996
CNPY1 (285888),2.9999999999999996
COA5 (493753),2.9999999999999996
COG4 (25839),2.9999999999999996
COL20A1 (57642),2.9999999999999996
COPB2 (9276),2.9999999999999996
COPS3 (8533),2.9999999999999996
COQ4 (51117),2.9999999999999996
COX5B (1329),2.9999999999999996
CPSF6 (11052),2.9999999999999996
CRNN (49860),2.9999999999999996
CRYBB2 (1415),2.9999999999999996
CRYGB (1419),2.9999999999999996
CSE1L (1434),2.9999999999999996
CSF2RB (1439),2.9999999999999996
CSHL1 (1444),2.9999999999999996
CSN3 (1448),2.9999999999999996
CST4 (1472),2.9999999999999996
CST8 (10047),2.9999999999999996
CST9L (128821),2.9999999999999996
CSTF3 (1479),2.9999999999999996
CTCFL (140690),2.9999999999999996
CTNNB1 (1499),2.9999999999999996
CTNNBL1 (56259),2.9999999999999996
CTU2 (348180),2.9999999999999996
CWF19L2 (143884),2.9999999999999996
CYLC2 (1539),2.9999999999999996
CYP11B2 (1585),2.9999999999999996
CYP2A13 (1553),2.9999999999999996
CYP4A22 (284541),2.9999999999999996
DARS2 (55157),2.9999999999999996
DAZL (1618),2.9999999999999996
DCAF8L2 (347442),2.9999999999999996
DCANP1 (140947),2.9999999999999996
DCTN2 (10540),2.9999999999999996
DDB1 (1642),2.9999999999999996
DDR2 (4921),2.9999999999999996
DDX21 (9188),2.9999999999999996
DDX39B (7919),2.9999999999999996
DDX4 (54514),2.9999999999999996
DDX49 (54555),2.9999999999999996
DDX56 (54606),2.9999999999999996
DEFA6 (1671),2.9999999999999996
DEFB118 (117285),2.9999999999999996
DEFB126 (81623),2.9999999999999996
DEFB129 (140881),2.9999999999999996
DGCR8 (54487),2.9999999999999996
DHX33 (56919),2.9999999999999996
DHX8 (1659),2.9999999999999996
DIS3 (22894),2.9999999999999996
DMAP1 (55929),2.9999999999999996
DMP1 (1758),2.9999999999999996
DMRTB1 (63948),2.9999999999999996
DNAJB1 (3337),2.9999999999999996
DNAJC2 (27000),2.9999999999999996
DNMT1 (1786),2.9999999999999996
DPRX (503834),2.9999999999999996
DR1 (1810),2.9999999999999996
DRGX (644168),2.9999999999999996
DSG4 (147409),2.9999999999999996
DTX2 (113878),2.9999999999999996
DYNC1H1 (1778),2.9999999999999996
EBF1 (1879),2.9999999999999996
ECD (11319),2.9999999999999996
EEFSEC (60678),2.9999999999999996
EFCAB3 (146779),2.9999999999999996
EFEMP1 (2202),2.9999999999999996
EGFR (1956),2.9999999999999996
EIF1AD (84285),2.9999999999999996
EIF2B4 (8890),2.9999999999999996
EIF3A (8661),2.9999999999999996
EIF3J (8669),2.9999999999999996
EIF4E (1977),2.9999999999999996
EIF6 (3692),2.9999999999999996
ELOA2 (51224),2.9999999999999996
ELP4 (26610),2.9999999999999996
ENO1 (2023),2.9999999999999996
ERBB2 (2064),2.9999999999999996
ERBB3 (2065),2.9999999999999996
ERBB4 (2066),2.9999999999999996
ERCC4 (2072),2.9999999999999996
ESR1 (2099),2.9999999999999996
ESRP2 (80004),2.9999999999999996
EVX1 (2128),2.9999999999999996
EXOC1 (55763),2.9999999999999996
EXOSC1 (51013),2.9999999999999996
EXOSC5 (56915),2.9999999999999996
FABP2 (2169),2.9999999999999996
FAM210A (125228),2.9999999999999996
FARSB (10056),2.9999999999999996
FBRSL1 (57666),2.9999999999999996
FBXL13 (222235),2.9999999999999996
FCRL4 (83417),2.9999999999999996
FEN1 (2237),2.9999999999999996
FERMT1 (55612),2.9999999999999996
FEZF2 (55079),2.9999999999999996
FGF3 (2248),2.9999999999999996
FGF6 (2251),2.9999999999999996
FGFR1 (2260),2.9999999999999996
FGFR2 (2263),2.9999999999999996
FGFR3 (2261),2.9999999999999996
FLG2 (388698),2.9999999999999996
FLI1 (2313),2.9999999999999996
FLT3 (2322),2.9999999999999996
FNDC9 (408263),2.9999999999999996
FNTB (2342),2.9999999999999996
FOXA1 (3169),2.9999999999999996
FOXB2 (442425),2.9999999999999996
FOXE3 (2301),2.9999999999999996
FOXL2 (668),2.9999999999999996
FOXR1 (283150),2.9999999999999996
FOXR2 (139628),2.9999999999999996
FRAT1 (10023),2.9999999999999996
FRZB (2487),2.9999999999999996
FSCB (84075),2.9999999999999996
FUNDC2 (65991),2.9999999999999996
FUT9 (10690),2.9999999999999996
FZD8 (8325),2.9999999999999996
GABRA1 (2554),2.9999999999999996
GALNTL5 (168391),2.9999999999999996
GALR3 (8484),2.9999999999999996
GAPDH (2597),2.9999999999999996
GATA1 (2623),2.9999999999999996
GATA2 (2624),2.9999999999999996
GATA3 (2625),2.9999999999999996
GATC (283459),2.9999999999999996
GCG (2641),2.9999999999999996
GDF2 (2658),2.9999999999999996
GEMIN8 (54960),2.9999999999999996
GFM1 (85476),2.9999999999999996
GFRAL (389400),2.9999999999999996
GHRH (2691),2.9999999999999996
GINS3 (64785),2.9999999999999996
GJA10 (84694),2.9999999999999996
GJB2 (2706),2.9999999999999996
GK2 (2712),2.9999999999999996
GLRA1 (2741),2.9999999999999996
GML (2765),2.9999999999999996
GNA11 (2767),2.9999999999999996
GNAI2 (2771),2.9999999999999996
GNAQ (2776),2.9999999999999996
GNAS (2778),2.9999999999999996
GNB1L (54584),2.9999999999999996
GNS (2799),2.9999999999999996
GON4L (54856),2.9999999999999996
GPN1 (11321),2.9999999999999996
GPR139 (124274),2.9999999999999996
GPR151 (134391),2.9999999999999996
GPR26 (2849),2.9999999999999996
GPR32 (2854),2.9999999999999996
GPR52 (9293),2.9999999999999996
GPRC6A (222545),2.9999999999999996
GPX6 (257202),2.9999999999999996
GRHL2 (79977),2.9999999999999996
GRIN2B (2904),2.9999999999999996
GRM5 (2915),2.9999999999999996
GRPEL1 (80273),2.9999999999999996
GSC2 (2928),2.9999999999999996
GSX1 (219409),2.9999999999999996
GTF2A2 (2958),2.9999999999999996
GTF3C1 (2975),2.9999999999999996
GTPBP4 (23560),2.9999999999999996
GUCA2A (2980),2.9999999999999996
H2AC1 (221613),2.9999999999999996
H4C7 (8369),2.9999999999999996
HAUS1 (115106),2.9999999999999996
HAUS7 (55559),2.9999999999999996
HCRTR2 (3062),2.9999999999999996
HEATR1 (55127),2.9999999999999996
HERC1 (8925),2.9999999999999996
HERC6 (55008),2.9999999999999996
HMGCS1 (3157),2.9999999999999996
HMX1 (3166),2.9999999999999996
HNF1B (6928),2.9999999999999996
HNF4A (3172),2.9999999999999996
HNRNPH1 (3187),2.9999999999999996
HNRNPL (3191),2.9999999999999996
HOXB13 (10481),2.9999999999999996
HOXD12 (3238),2.9999999999999996
HRAS (3265),2.9999999999999996
HRH3 (11255),2.9999999999999996
HSD17B10 (3028),2.9999999999999996
HSPA9 (3313),2.9999999999999996
HTR1A (3350),2.9999999999999996
HTR3D (200909),2.9999999999999996
HTR5A (3361),2.9999999999999996
IAPP (3375),2.9999999999999996
IARS1 (3376),2.9999999999999996
IDH1 (3417),2.9999999999999996
IFNA10 (3446),2.9999999999999996
IFNA16 (3449),2.9999999999999996
IFNA2 (3440),2.9999999999999996
IFNA4 (3441),2.9999999999999996
IFNA6 (3443),2.9999999999999996
IFNA8 (3445),2.9999999999999996
IFNK (56832),2.9999999999999996
IGBP1 (3476),2.9999999999999996
IL12B (3593),2.9999999999999996
IL17A (3605),2.9999999999999996
IL1F10 (84639),2.9999999999999996
IL22 (50616),2.9999999999999996
IL26 (55801),2.9999999999999996
IL31 (386653),2.9999999999999996
IL36B (27177),2.9999999999999996
IL9 (3578),2.9999999999999996
IMP4 (92856),2.9999999999999996
INHBC (3626),2.9999999999999996
INSL5 (10022),2.9999999999999996
INSM2 (84684),2.9999999999999996
INTS3 (65123),2.9999999999999996
IP6K2 (51447),2.9999999999999996
IPO11 (51194),2.9999999999999996
IQCF1 (132141),2.9999999999999996
IRF2BP2 (359948),2.9999999999999996
IRF4 (3662),2.9999999999999996
IRF8 (3394),2.9999999999999996
ISG20L2 (81875),2.9999999999999996
ISX (91464),2.9999999999999996
JAK2 (3717),2.9999999999999996
JAK3 (3718),2.9999999999999996
JUN (3725),2.9999999999999996
JUP (3728),2.9999999999999996
KANSL2 (54934),2.9999999999999996
KASH5 (147872),2.9999999999999996
KCMF1 (56888),2.9999999999999996
KCNB2 (9312),2.9999999999999996
KCNK10 (54207),2.9999999999999996
KCNK18 (338567),2.9999999999999996
KDELR3 (11015),2.9999999999999996
KDR (3791),2.9999999999999996
KHDC3L (154288),2.9999999999999996
KIN (22944),2.9999999999999996
KIR2DL1 (3802),2.9999999999999996
KIT (3815),2.9999999999999996
KLF5 (688),2.9999999999999996
KLK12 (43849),2.9999999999999996
KRAS (3845),2.9999999999999996
KRT2 (3849),2.9999999999999996
KRT26 (353288),2.9999999999999996
KRT33A (3883),2.9999999999999996
KRT36 (8689),2.9999999999999996
KRT38 (8687),2.9999999999999996
KRT71 (112802),2.9999999999999996
KRT74 (121391),2.9999999999999996
KRT76 (51350),2.9999999999999996
KRT78 (196374),2.9999999999999996
KRT84 (3890),2.9999999999999996
KRT86 (3892),2.9999999999999996
KRTAP1-1 (81851),2.9999999999999996
KRTAP10-10 (353333),2.9999999999999996
KRTAP10-9 (386676),2.9999999999999996
KRTAP13-1 (140258),2.9999999999999996
KRTAP13-3 (337960),2.9999999999999996
KRTAP15-1 (254950),2.9999999999999996
KRTAP19-3 (337970),2.9999999999999996
KRTAP26-1 (388818),2.9999999999999996
KRTAP4-11 (653240),2.9999999999999996
KRTAP4-2 (85291),2.9999999999999996
KRTAP5-1 (387264),2.9999999999999996
KSR2 (283455),2.9999999999999996
LAGE3 (8270),2.9999999999999996
LAS1L (81887),2.9999999999999996
LBX1 (10660),2.9999999999999996
LCT (3938),2.9999999999999996
LGALS14 (56891),2.9999999999999996
LHX3 (8022),2.9999999999999996
LIAS (11019),2.9999999999999996
LIM2 (3982),2.9999999999999996
LMX1B (4010),2.9999999999999996
LORICRIN (4014),2.9999999999999996
LPGAT1 (9926),2.9999999999999996
LRIT2 (340745),2.9999999999999996
LRPPRC (10128),2.9999999999999996
LSM4 (25804),2.9999999999999996
LYL1 (4066),2.9999999999999996
LYRM4 (57128),2.9999999999999996
MAP2K1 (5604),2.9999999999999996
MAP2K2 (5605),2.9999999999999996
MAS1 (4142),2.9999999999999996
MASTL (84930),2.9999999999999996
MBD3L1 (85509),2.9999999999999996
MBL2 (4153),2.9999999999999996
MC3R (4159),2.9999999999999996
MCL1 (4170),2.9999999999999996
MCM10 (55388),2.9999999999999996
MCM6 (4175),2.9999999999999996
MDC1 (9656),2.9999999999999996
MDM2 (4193),2.9999999999999996
MECOM (2122),2.9999999999999996
MED12 (9968),2.9999999999999996
MED14 (9282),2.9999999999999996
MED20 (9477),2.9999999999999996
MED31 (51003),2.9999999999999996
MED8 (112950),2.9999999999999996
MEF2D (4209),2.9999999999999996
MEP1A (4224),2.9999999999999996
MEPE (56955),2.9999999999999996
MET (4233),2.9999999999999996
METTL1 (4234),2.9999999999999996
MFAP1 (4236),2.9999999999999996
MICU2 (221154),2.9999999999999996
MIS18BP1 (55320),2.9999999999999996
MLLT10 (8028),2.9999999999999996
MMD2 (221938),2.9999999999999996
MMP21 (118856),2.9999999999999996
MMP27 (64066),2.9999999999999996
MOB4 (25843),2.9999999999999996
MORC1 (27136),2.9999999999999996
MPRIP (23164),2.9999999999999996
MRGPRX1 (259249),2.9999999999999996
MRGPRX4 (117196),2.9999999999999996
MRPL16 (54948),2.9999999999999996
MRPL20 (55052),2.9999999999999996
MRPL27 (51264),2.9999999999999996
MRPL37 (51253),2.9999999999999996
MRPL40 (64976),2.9999999999999996
MRPL48 (51642),2.9999999999999996
MRPL9 (65005),2.9999999999999996
MRPS15 (64960),2.9999999999999996
MRPS23 (51649),2.9999999999999996
MRPS30 (10884),2.9999999999999996
MRPS5 (64969),2.9999999999999996
MRTO4 (51154),2.9999999999999996
MS4A13 (503497),2.9999999999999996
MSGN1 (343930),2.9999999999999996
MSI2 (124540),2.9999999999999996
MTA3 (57504),2.9999999999999996
MTNR1B (4544),2.9999999999999996
MTOR (2475),2.9999999999999996
MTPAP (55149),2.9999999999999996
MUC7 (4589),2.9999999999999996
MYB (4602),2.9999999999999996
MYBL1 (4603),2.9999999999999996
MYBPC3 (4607),2.9999999999999996
MYCN (4613),2.9999999999999996
MYD88 (4615),2.9999999999999996
N6AMT1 (29104),2.9999999999999996
NAA25 (80018),2.9999999999999996
NAF1 (92345),2.9999999999999996
NANOGNB (360030),2.9999999999999996
NARS2 (79731),2.9999999999999996
NAV3 (89795),2.9999999999999996
NCAPG (64151),2.9999999999999996
NCL (4691),2.9999999999999996
NCR2 (9436),2.9999999999999996
NDST1 (3340),2.9999999999999996
NEDD1 (121441),2.9999999999999996
NEUROD2 (4761),2.9999999999999996
NEUROD6 (63974),2.9999999999999996
NFE2L2 (4780),2.9999999999999996
NFKBIE (4794),2.9999999999999996
NFS1 (9054),2.9999999999999996
NIP7 (51388),2.9999999999999996
NKX2-1 (7080),2.9999999999999996
NLRP4 (147945),2.9999999999999996
NLRP8 (126205),2.9999999999999996
NMS (129521),2.9999999999999996
NOB1 (28987),2.9999999999999996
NOL11 (25926),2.9999999999999996
NOL9 (79707),2.9999999999999996
NOP10 (55505),2.9999999999999996
NOP56 (10528),2.9999999999999996
NOTCH1 (4851),2.9999999999999996
NOX3 (50508),2.9999999999999996
NPAT (4863),2.9999999999999996
NPHP3 (27031),2.9999999999999996
NPHS2 (7827),2.9999999999999996
NPVF (64111),2.9999999999999996
NRAS (4893),2.9999999999999996
NSA2 (10412),2.9999999999999996
NSMCE4A (54780),2.9999999999999996
NT5C2 (22978),2.9999999999999996
NUDC (10726),2.9999999999999996
NUFIP1 (26747),2.9999999999999996
NUP155 (9631),2.9999999999999996
NUP43 (348995),2.9999999999999996
NUP93 (9688),2.9999999999999996
OC90 (729330),2.9999999999999996
OGT (8473),2.9999999999999996
OLIG3 (167826),2.9999999999999996
OPN5 (221391),2.9999999999999996
OR10A4 (283297),2.9999999999999996
OR10H1 (26539),2.9999999999999996
OR10H3 (26532),2.9999999999999996
OR10R2 (343406),2.9999999999999996
OR11A1 (26531),2.9999999999999996
OR12D3 (81797),2.9999999999999996
OR13D1 (286365),2.9999999999999996
OR1A1 (8383),2.9999999999999996
OR1E1 (8387),2.9999999999999996
OR1G1 (8390),2.9999999999999996
OR1N2 (138882),2.9999999999999996
OR2AT4 (341152),2.9999999999999996
OR2C3 (81472),2.9999999999999996
OR2D3 (120775),2.9999999999999996
OR2G2 (81470),2.9999999999999996
OR2H1 (26716),2.9999999999999996
OR2L3 (391192),2.9999999999999996
OR2T10 (127069),2.9999999999999996
OR2T2 (401992),2.9999999999999996
OR2T5 (401993),2.9999999999999996
OR3A1 (4994),2.9999999999999996
OR4C3 (256144),2.9999999999999996
OR4D10 (390197),2.9999999999999996
OR4D9 (390199),2.9999999999999996
OR51B6 (390058),2.9999999999999996
OR51F2 (119694),2.9999999999999996
OR51V1 (283111),2.9999999999999996
OR52A5 (390054),2.9999999999999996
OR52B6 (340980),2.9999999999999996
OR52L1 (338751),2.9999999999999996
OR56A1 (120796),2.9999999999999996
OR56B1 (387748),2.9999999999999996
OR5C1 (392391),2.9999999999999996
OR5M1 (390168),2.9999999999999996
OR5P2 (120065),2.9999999999999996
OR5T1 (390155),2.9999999999999996
OR5T3 (390154),2.9999999999999996
OR5W2 (390148),2.9999999999999996
OR6V1 (346517),2.9999999999999996
OR7C2 (26658),2.9999999999999996
OR7G2 (390882),2.9999999999999996
OR8B8 (26493),2.9999999999999996
OR8U1 (219417),2.9999999999999996
OR9Q2 (219957),2.9999999999999996
ORC2 (4999),2.9999999999999996
ORC6 (23594),2.9999999999999996
ORMDL2 (29095),2.9999999999999996
OTOP3 (347741),2.9999999999999996
OTP (23440),2.9999999999999996
PABPN1 (8106),2.9999999999999996
PALB2 (79728),2.9999999999999996
PANX3 (116337),2.9999999999999996
PARD3 (56288),2.9999999999999996
PARD6B (84612),2.9999999999999996
PASD1 (139135),2.9999999999999996
PAX4 (5078),2.9999999999999996
PAX8 (7849),2.9999999999999996
PCARE (388939),2.9999999999999996
PCF11 (51585),2.9999999999999996
PCSK4 (54760),2.9999999999999996
PCYT1A (5130),2.9999999999999996
PDCL (5082),2.9999999999999996
PDE6H (5149),2.9999999999999996
PDX1 (3651),2.9999999999999996
PEA15 (8682),2.9999999999999996
PES1 (23481),2.9999999999999996
PFDN2 (5202),2.9999999999999996
PGK1 (5230),2.9999999999999996
PGK2 (5232),2.9999999999999996
PGLYRP3 (114771),2.9999999999999996
PGR (5241),2.9999999999999996
PHIP (55023),2.9999999999999996
PIK3C3 (5289),2.9999999999999996
PIK3CA (5290),2.9999999999999996
PIK3CB (5291),2.9999999999999996
PIRT (644139),2.9999999999999996
PIWIL3 (440822),2.9999999999999996
PLA2G2F (64600),2.9999999999999996
PLRG1 (5356),2.9999999999999996
PMVK (10654),2.9999999999999996
PNLIP (5406),2.9999999999999996
PNPLA5 (150379),2.9999999999999996
PNPT1 (87178),2.9999999999999996
POLD2 (5425),2.9999999999999996
POLR1A (25885),2.9999999999999996
POLR1F (221830),2.9999999999999996
POLR2D (5433),2.9999999999999996
POLR2L (5441),2.9999999999999996
POLR3E (55718),2.9999999999999996
POP4 (10775),2.9999999999999996
POTED (317754),2.9999999999999996
POTEH (23784),2.9999999999999996
POU2AF3 (120376),2.9999999999999996
POU2F2 (5452),2.9999999999999996
POU4F3 (5459),2.9999999999999996
PPIE (10450),2.9999999999999996
PPME1 (51400),2.9999999999999996
PPP1R15B (84919),2.9999999999999996
PPP2CA (5515),2.9999999999999996
PPP3R2 (5535),2.9999999999999996
PPRC1 (23082),2.9999999999999996
PRAMEF2 (65122),2.9999999999999996
PRDM1 (639),2.9999999999999996
PRDM14 (63978),2.9999999999999996
PRDM9 (56979),2.9999999999999996
PREB (10113),2.9999999999999996
PRLH (51052),2.9999999999999996
PRMT5 (10419),2.9999999999999996
PROP1 (5626),2.9999999999999996
PRPF3 (9129),2.9999999999999996
PRPF4 (9128),2.9999999999999996
PRPF8 (10594),2.9999999999999996
PRRT4 (401399),2.9999999999999996
PRSS37 (136242),2.9999999999999996
PRSS55 (203074),2.9999999999999996
PSKH2 (85481),2.9999999999999996
PSMA5 (5686),2.9999999999999996
PSMB4 (5692),2.9999999999999996
PSMC1 (5700),2.9999999999999996
PSMC6 (5706),2.9999999999999996
PSMD13 (5719),2.9999999999999996
PSMD4 (5710),2.9999999999999996
PSMG1 (8624),2.9999999999999996
PTCD3 (55037),2.9999999999999996
QARS1 (5859),2.9999999999999996
RAB43 (339122),2.9999999999999996
RAC1 (5879),2.9999999999999996
RACGAP1 (29127),2.9999999999999996
RAD51C (5889),2.9999999999999996
RAF1 (5894),2.9999999999999996
RANGAP1 (5905),2.9999999999999996
RAX (30062),2.9999999999999996
RBBP5 (5929),2.9999999999999996
RBM14 (10432),2.9999999999999996
RBM28 (55131),2.9999999999999996
RBM46 (166863),2.9999999999999996
RBM47 (54502),2.9999999999999996
RBM48 (84060),2.9999999999999996
RBP3 (5949),2.9999999999999996
RCC1 (1104),2.9999999999999996
RD3 (343035),2.9999999999999996
REG3A (5068),2.9999999999999996
RELB (5971),2.9999999999999996
RET (5979),2.9999999999999996
RETNLB (84666),2.9999999999999996
RFC2 (5982),2.9999999999999996
RFPL4B (442247),2.9999999999999996
RFT1 (91869),2.9999999999999996
RGN (9104),2.9999999999999996
RHBDD1 (84236),2.9999999999999996
RHO (6010),2.9999999999999996
RHOA (387),2.9999999999999996
RIOK1 (83732),2.9999999999999996
RNASE11 (122651),2.9999999999999996
RNASE13 (440163),2.9999999999999996
RNASE9 (390443),2.9999999999999996
RNF113B (140432),2.9999999999999996
RNF168 (165918),2.9999999999999996
RNGTT (8732),2.9999999999999996
RP1 (6101),2.9999999999999996
RPA1 (6117),2.9999999999999996
RPE65 (6121),2.9999999999999996
RPF1 (80135),2.9999999999999996
RPL11 (6135),2.9999999999999996
RPL18 (6141),2.9999999999999996
RPL3 (6122),2.9999999999999996
RPN1 (6184),2.9999999999999996
RPP38 (10557),2.9999999999999996
RPS11 (6205),2.9999999999999996
RPS15A (6210),2.9999999999999996
RPS19BP1 (91582),2.9999999999999996
RPS21 (6227),2.9999999999999996
RPS4X (6191),2.9999999999999996
RPTOR (57521),2.9999999999999996
RRAS2 (22800),2.9999999999999996
RRP1 (8568),2.9999999999999996
RRP7A (27341),2.9999999999999996
RTEL1 (51750),2.9999999999999996
RTP1 (132112),2.9999999999999996
RUNX1 (861),2.9999999999999996
RUVBL2 (10856),2.9999999999999996
RXFP2 (122042),2.9999999999999996
SAMM50 (25813),2.9999999999999996
SARS2 (54938),2.9999999999999996
SATB2 (23314),2.9999999999999996
SCFD1 (23256),2.9999999999999996
SCGB1D1 (10648),2.9999999999999996
SCRT2 (85508),2.9999999999999996
SDHA (6389),2.9999999999999996
SDHAF3 (57001),2.9999999999999996
SEC14L3 (266629),2.9999999999999996
SEC61A1 (29927),2.9999999999999996
SEH1L (81929),2.9999999999999996
SEPTIN14 (346288),2.9999999999999996
SERPINA9 (327657),2.9999999999999996
SF3A1 (10291),2.9999999999999996
SF3B1 (23451),2.9999999999999996
SF3B3 (23450),2.9999999999999996
SHCBP1L (81626),2.9999999999999996
SHQ1 (55164),2.9999999999999996
SIGLECL1 (284369),2.9999999999999996
SIRPB2 (284759),2.9999999999999996
SLC10A2 (6555),2.9999999999999996
SLC16A11 (162515),2.9999999999999996
SLC17A2 (10246),2.9999999999999996
SLC18A3 (6572),2.9999999999999996
SLC22A13 (9390),2.9999999999999996
SLC22A6 (9356),2.9999999999999996
SLC22A9 (114571),2.9999999999999996
SLC25A26 (115286),2.9999999999999996
SLC25A31 (83447),2.9999999999999996
SLC2A7 (155184),2.9999999999999996
SLC34A1 (6569),2.9999999999999996
SLC39A12 (221074),2.9999999999999996
SLC5A11 (115584),2.9999999999999996
SLC6A5 (9152),2.9999999999999996
SLC7A13 (157724),2.9999999999999996
SLCO6A1 (133482),2.9999999999999996
SLU7 (10569),2.9999999999999996
SMC2 (10592),2.9999999999999996
SMC6 (79677),2.9999999999999996
SMNDC1 (10285),2.9999999999999996
SNIP1 (79753),2.9999999999999996
SNRNP40 (9410),2.9999999999999996
SNRPC (6631),2.9999999999999996
SNRPF (6636),2.9999999999999996
SOHLH1 (402381),2.9999999999999996
SON (6651),2.9999999999999996
SOS1 (6654),2.9999999999999996
SOX10 (6663),2.9999999999999996
SOX14 (8403),2.9999999999999996
SOX4 (6659),2.9999999999999996
SOX9 (6662),2.9999999999999996
SPACA1 (81833),2.9999999999999996
SPACA4 (171169),2.9999999999999996
SPATA16 (83893),2.9999999999999996
SPC25 (57405),2.9999999999999996
SPDEF (25803),2.9999999999999996
SPEM1 (374768),2.9999999999999996
SPI1 (6688),2.9999999999999996
SPINK14 (408187),2.9999999999999996
SPPL2C (162540),2.9999999999999996
SRBD1 (55133),2.9999999999999996
SRP19 (6728),2.9999999999999996
SRPRB (58477),2.9999999999999996
SRSF11 (9295),2.9999999999999996
SSTR4 (6754),2.9999999999999996
SSU72 (29101),2.9999999999999996
STAT3 (6774),2.9999999999999996
STK16 (8576),2.9999999999999996
STK19 (8859),2.9999999999999996
STPG4 (285051),2.9999999999999996
STX5 (6811),2.9999999999999996
SUN5 (140732),2.9999999999999996
SUPT16H (11198),2.9999999999999996
SUPV3L1 (6832),2.9999999999999996
TAAR2 (9287),2.9999999999999996
TAAR6 (319100),2.9999999999999996
TACC3 (10460),2.9999999999999996
TAF1B (9014),2.9999999999999996
TAF6L (10629),2.9999999999999996
TAS1R2 (80834),2.9999999999999996
TAS2R13 (50838),2.9999999999999996
TAS2R39 (259285),2.9999999999999996
TAS2R41 (259287),2.9999999999999996
TAS2R43 (259289),2.9999999999999996
TAS2R50 (259296),2.9999999999999996
TAS2R7 (50837),2.9999999999999996
TAS2R9 (50835),2.9999999999999996
TBC1D21 (161514),2.9999999999999996
TBCA (6902),2.9999999999999996
TBR1 (10716),2.9999999999999996
TBX2 (6909),2.9999999999999996
TBX3 (6926),2.9999999999999996
TBXT (6862),2.9999999999999996
TCF4 (6925),2.9999999999999996
TCF7 (6932),2.9999999999999996
TCP1 (6950),2.9999999999999996
TEAD1 (7003),2.9999999999999996
TEX101 (83639),2.9999999999999996
TEX45 (374877),2.9999999999999996
TFAM (7019),2.9999999999999996
TFAP2A (7020),2.9999999999999996
TFAP2C (7022),2.9999999999999996
TFAP2D (83741),2.9999999999999996
THOC7 (80145),2.9999999999999996
TIMM22 (29928),2.9999999999999996
TIPARP (25976),2.9999999999999996
TIPRL (261726),2.9999999999999996
TKTL2 (84076),2.9999999999999996
TLE3 (7090),2.9999999999999996
TMED2 (10959),2.9999999999999996
TMEM132D (121256),2.9999999999999996
TMEM174 (134288),2.9999999999999996
TMEM225 (338661),2.9999999999999996
TMPRSS11A (339967),2.9999999999999996
TMPRSS11F (389208),2.9999999999999996
TMPRSS15 (5651),2.9999999999999996
TMPRSS6 (164656),2.9999999999999996
TNPO3 (23534),2.9999999999999996
TNS4 (84951),2.9999999999999996
TOP2A (7153),2.9999999999999996
TOX (9760),2.9999999999999996
TP63 (8626),2.9999999999999996
TPD52L3 (89882),2.9999999999999996
TPR (7175),2.9999999999999996
TPRX1 (284355),2.9999999999999996
TRAPPC1 (58485),2.9999999999999996
TRAPPC8 (22878),2.9999999999999996
TREML4 (285852),2.9999999999999996
TRIM10 (10107),2.9999999999999996
TRIM40 (135644),2.9999999999999996
TRIM43 (129868),2.9999999999999996
TRIM60 (166655),2.9999999999999996
TRIML1 (339976),2.9999999999999996
TRMT61A (115708),2.9999999999999996
TROAP (10024),2.9999999999999996
TRPM1 (4308),2.9999999999999996
TSBP1 (10665),2.9999999999999996
TSEN2 (80746),2.9999999999999996
TSHB (7252),2.9999999999999996
TSPO2 (222642),2.9999999999999996
TSR2 (90121),2.9999999999999996
TSSK1B (83942),2.9999999999999996
TTF2 (8458),2.9999999999999996
TUBB (203068),2.9999999999999996
TUBGCP3 (10426),2.9999999999999996
TUT1 (64852),2.9999999999999996
TXNDC8 (255220),2.9999999999999996
U2AF1 (7307),2.9999999999999996
U2AF2 (11338),2.9999999999999996
UBA3 (9039),2.9999999999999996
UBE2D2 (7322),2.9999999999999996
UBL5 (59286),2.9999999999999996
UBQLN3 (50613),2.9999999999999996
UCHL3 (7347),2.9999999999999996
UMPS (7372),2.9999999999999996
UQCRFS1 (7386),2.9999999999999996
URI1 (8725),2.9999999999999996
UROC1 (131669),2.9999999999999996
USP29 (57663),2.9999999999999996
USP36 (57602),2.9999999999999996
USPL1 (10208),2.9999999999999996
UTP20 (27340),2.9999999999999996
VARS1 (7407),2.9999999999999996
VAV1 (7409),2.9999999999999996
VAX1 (11023),2.9999999999999996
VN1R4 (317703),2.9999999999999996
VPS25 (84313),2.9999999999999996
VPS72 (6944),2.9999999999999996
VRTN (55237),2.9999999999999996
VSTM1 (284415),2.9999999999999996
WDHD1 (11169),2.9999999999999996
WDR3 (10885),2.9999999999999996
WDR43 (23160),2.9999999999999996
WDR82 (80335),2.9999999999999996
WFDC10A (140832),2.9999999999999996
WFDC9 (259240),2.9999999999999996
XPO1 (7514),2.9999999999999996
XRCC6 (2547),2.9999999999999996
YAP1 (10413),2.9999999999999996
YARS2 (51067),2.9999999999999996
YKT6 (10652),2.9999999999999996
ZBTB11 (27107),2.9999999999999996
ZBTB7B (51043),2.9999999999999996
ZC3H8 (84524),2.9999999999999996
ZC4H2 (55906),2.9999999999999996
ZCCHC12 (170261),2.9999999999999996
ZEB2 (9839),2.9999999999999996
ZFP36L1 (677),2.9999999999999996
ZG16 (653808),2.9999999999999996
ZMAT2 (153527),2.9999999999999996
ZNF207 (7756),2.9999999999999996
ZNF48 (197407),2.9999999999999996
ZNF622 (90441),2.9999999999999996
ZNF648 (127665),2.9999999999999996
ZNF804B (219578),2.9999999999999996
ZP2 (7783),2.9999999999999996
ZSWIM2 (151112),2.9999999999999996
